id,has_availability,availability_30,availability_60,availability_90,availability_365
275343,1,0,0,0,56
275343,1,0,0,0,56
275344,1,0,0,0,56
294281,1,30,60,90,365
324945,1,0,0,0,56
330095,1,0,0,0,56
344803,1,16,42,72,347
369141,1,30,60,90,365
369145,1,30,60,90,365
654191,1,28,58,88,363
747813,1,23,53,83,358
747816,1,30,60,90,365
765579,1,25,55,85,360
815685,1,0,0,0,56
833289,1,30,60,90,365
863139,1,30,60,90,365
881253,1,0,24,54,329
915275,1,0,24,54,329
962594,1,28,58,88,363
982909,1,26,56,86,266
1024986,1,29,29,29,273
1242205,1,29,29,29,178
1249555,1,30,60,90,365
1261443,1,0,24,54,329
1363204,1,0,24,54,329
1508829,1,0,24,54,329
1581224,1,30,60,90,365
1615074,1,0,24,54,329
1678744,1,25,53,83,358
1678755,1,26,56,86,361
1710048,1,0,24,54,329
1941719,1,23,53,83,358
2156372,1,0,0,13,288
2387715,1,28,58,88,363
2387730,1,30,60,90,365
2547778,1,19,49,79,354
2922184,1,0,0,0,0
3667894,1,0,24,54,329
4192138,1,0,0,21,296
4271250,1,0,0,2,201
4441346,1,0,0,0,0
4499317,1,19,49,79,352
4541072,1,0,0,0,222
4541183,1,22,52,82,357
4561032,1,0,24,54,329
4712676,1,0,0,21,296
4731060,1,27,57,87,362
4741630,1,28,58,88,363
4863317,1,25,55,85,360
4869221,1,0,24,54,329
4926170,1,13,29,59,334
4973227,1,23,52,82,357
4988467,1,28,58,88,363
4989903,1,30,60,90,365
5040689,1,0,25,55,330
5052014,1,16,46,76,351
5116961,1,23,53,83,264
5233415,1,28,58,88,363
5253599,1,30,60,90,365
5339318,1,30,60,90,365
5446857,1,28,58,88,363
5448209,1,29,59,89,364
5494971,1,0,0,0,178
5494971,1,0,0,0,178
5529062,1,30,60,90,365
5551665,1,0,25,55,330
5573458,1,29,59,89,364
5582645,1,23,53,83,358
5582645,1,23,53,83,358
5634851,1,0,0,25,300
5698633,1,30,60,90,91
5798211,1,30,60,90,365
5827713,1,0,0,22,297
5889741,1,2,2,2,171
5919270,1,30,60,90,365
6020248,1,0,25,55,330
6261313,1,30,60,90,365
6300577,1,30,60,90,365
6317686,1,0,24,54,329
6352827,1,30,60,90,190
6453321,1,29,59,89,364
6453321,1,29,59,89,364
6481052,1,30,60,90,362
6529707,1,0,0,7,282
6547248,1,30,60,90,365
6603464,1,29,59,89,364
6620261,1,30,60,90,181
6803701,1,29,59,89,364
6959265,1,29,59,89,364
7156419,1,0,0,10,137
7162659,1,0,0,16,16
7250803,1,30,60,90,365
7321238,1,0,0,24,177
7398096,1,30,60,90,91
7399281,1,29,59,89,179
7486446,1,16,46,76,351
7653937,1,0,24,54,329
7667016,1,0,24,54,329
7720994,1,29,59,89,364
7905972,1,30,60,90,365
7927886,1,0,0,0,269
7946472,1,30,60,90,365
7994039,1,0,24,54,329
8004063,1,0,24,54,329
8007663,1,0,24,54,329
8017511,1,30,60,90,365
8038199,1,9,33,59,333
8111607,1,0,26,56,331
8113569,1,21,51,81,356
8113712,1,0,24,54,329
8113893,1,0,0,23,298
8113936,1,0,0,5,280
8114003,1,0,0,26,301
8195397,1,30,60,90,365
8196180,1,30,60,90,365
8196417,1,30,60,90,365
8212422,1,30,60,90,365
8256942,1,29,59,89,364
8277151,1,30,60,90,361
8345350,1,30,60,90,365
8355592,1,30,60,90,365
8380826,1,2,32,62,337
8445747,1,0,24,54,329
8705956,1,30,60,90,365
8721639,1,30,60,90,365
9116730,1,30,60,90,365
9216943,1,30,60,90,181
9268058,1,30,60,90,365
9268500,1,30,60,90,365
9268680,1,30,60,90,365
9269260,1,30,60,90,365
9269637,1,30,60,90,365
9269848,1,30,60,90,365
9281075,1,0,0,0,178
9320962,1,0,0,0,118
9351647,1,30,60,90,365
9397355,1,25,55,85,360
9398808,1,30,60,90,365
9464059,1,29,37,37,272
9683612,1,30,60,90,365
9746208,1,30,60,90,181
9857050,1,0,0,0,268
9887900,1,0,0,0,87
9910891,1,30,60,90,365
9928008,1,27,57,87,245
9942594,1,30,60,90,365
9986864,1,29,59,89,364
10001615,1,30,60,90,365
10126030,1,30,60,90,365
10210475,1,30,60,90,365
10302387,1,30,60,90,365
10399199,1,30,60,90,365
10427701,1,0,24,54,329
10668368,1,0,0,24,299
10669564,1,30,60,90,181
11425553,1,0,0,24,299
11581560,1,29,59,89,364
11617126,1,29,59,89,364
11660178,1,1,30,60,335
11660178,1,1,30,60,335
11679272,1,26,56,86,361
11679463,1,26,56,86,361
11760026,1,30,60,90,91
11993987,1,30,60,90,365
12028422,1,30,60,90,365
12162272,1,0,29,59,242
12211385,1,0,0,0,148
12211392,1,0,0,0,148
12211392,1,0,0,0,148
12213801,1,0,24,54,329
12317780,1,23,53,83,358
12345284,1,0,0,0,148
12347038,1,0,0,0,148
12366660,1,0,0,0,148
12366660,1,0,0,0,148
12366958,1,0,0,0,148
12367042,1,0,0,0,148
12367388,1,0,0,0,148
12367758,1,0,0,0,148
12367917,1,0,0,0,148
12368074,1,0,0,0,148
12434512,1,13,43,73,348
12455215,1,30,60,90,365
12556334,1,0,15,45,320
12738797,0,23,53,83,358
12801097,1,30,60,90,365
12904788,1,0,24,54,329
12975156,1,28,58,88,363
12975736,1,28,58,88,363
13049120,1,30,60,90,365
13183241,1,30,60,90,365
13317120,1,18,48,78,347
13361848,1,0,24,54,202
13396802,1,16,42,72,338
13556435,1,30,60,90,365
13559548,1,0,0,0,268
13607907,1,30,60,90,365
13659860,1,0,0,0,210
13703898,1,30,60,90,365
13809823,1,29,59,89,364
13834039,1,29,59,89,364
13875517,1,30,60,90,365
13890512,1,0,24,54,329
13952292,1,0,0,0,239
13966783,1,0,24,54,329
13967083,1,27,57,87,362
13967760,1,26,56,86,361
14020127,1,0,24,54,329
14163127,1,29,59,89,364
14196212,1,23,53,83,358
14196212,1,23,53,83,358
14213091,1,23,53,83,358
14332483,1,1,1,1,1
14407337,1,0,24,54,329
14435012,1,30,60,90,365
14489603,1,1,1,1,1
14558461,1,0,0,0,274
14577360,1,0,24,54,329
14582945,1,30,60,90,365
14583967,1,25,55,85,360
14701395,1,30,60,90,365
14902239,1,0,24,54,329
14953906,1,0,24,54,329
15100514,1,30,60,90,365
15310627,1,0,0,19,110
15364942,1,0,0,0,195
15389076,1,23,53,83,358
15406706,1,0,24,54,329
15406706,1,0,24,54,329
15430456,1,30,60,90,365
15441196,1,0,24,54,329
15454153,1,0,10,40,315
15487894,1,0,24,54,329
15508557,1,30,60,90,365
15775439,1,0,0,0,139
15792137,1,13,43,73,348
15792808,1,14,43,73,348
15813099,1,30,60,90,91
15933531,1,0,24,54,329
15965563,1,30,60,90,365
15991345,1,30,60,90,365
16006904,1,30,60,90,365
16007139,1,30,60,90,365
16008908,1,29,59,89,364
16044788,1,28,58,88,363
16118606,1,30,60,90,365
16149534,1,0,0,0,239
16150227,1,0,0,23,298
16150642,1,30,60,90,365
16177101,1,30,60,90,365
16185665,1,0,24,54,329
16209070,1,0,24,54,329
16220808,1,0,24,54,329
16243464,1,29,59,89,364
16260783,1,0,0,3,278
16309636,1,30,60,90,365
16370834,1,0,0,0,274
16424205,1,23,53,83,358
16428014,1,28,58,88,363
16462052,1,23,53,83,358
16477283,1,23,53,83,358
16519375,1,15,45,75,350
16552273,1,0,24,54,329
16578603,1,29,59,89,364
16612155,1,0,0,0,57
16650721,1,29,59,89,364
16742820,1,30,60,90,97
16743909,1,30,60,90,97
16744167,1,30,60,90,97
16745292,1,30,60,90,97
16750061,1,30,60,90,97
16798945,1,25,55,85,360
16846533,1,30,60,90,97
16848828,1,30,60,90,97
16966634,1,16,46,76,351
17016908,1,14,29,55,328
17053896,1,30,60,90,365
17179470,1,0,0,0,175
17191773,1,30,60,90,365
17275135,1,29,59,89,364
17488373,1,0,24,54,329
17519803,1,0,24,54,329
17601150,1,27,57,87,362
17615250,1,0,24,54,329
17626886,1,0,24,54,329
17641382,1,29,59,89,364
17643521,1,28,58,88,363
17684352,1,0,0,1,276
17736530,1,23,53,83,95
17766467,1,0,24,54,329
17778761,1,30,60,90,181
17780022,1,30,60,90,365
17868078,1,27,57,87,362
17927897,1,5,22,48,322
17928170,1,18,48,78,353
17928273,1,2,20,44,319
17929480,1,0,24,54,329
17947055,1,0,24,54,329
17951810,1,0,0,13,288
18000521,1,30,60,90,365
18052476,1,0,24,54,145
18109887,1,30,60,90,91
18151459,1,0,0,24,299
18166182,1,30,60,90,365
18169687,1,0,0,3,278
18184250,1,29,59,89,364
18199481,1,3,20,38,313
18202395,1,3,23,52,324
18235755,1,0,24,54,329
18253219,1,0,0,14,289
18286281,1,0,0,18,293
18342015,1,4,34,64,245
18421322,1,25,55,85,360
18434466,1,29,59,89,364
18452100,1,25,55,85,360
18452100,1,25,55,85,360
18508828,1,5,5,5,235
18513959,1,0,24,54,329
18674998,1,30,60,90,97
18675202,1,30,60,90,97
18858584,1,30,60,90,97
18899288,1,30,60,90,365
18978986,1,30,60,90,91
19009415,1,28,58,88,363
19056267,1,28,58,88,363
19107598,1,0,0,0,171
19200431,1,24,54,84,359
19218794,1,30,60,90,91
19282261,1,30,60,90,365
19595322,1,0,0,0,31
19595827,1,30,51,81,356
19648215,1,30,60,90,365
19774490,1,25,55,85,360
19801431,1,0,24,54,329
19831199,1,30,60,90,365
19895150,1,30,60,90,365
20016031,1,30,60,90,365
20016671,1,30,60,90,365
20084815,1,30,60,90,365
20096441,1,0,0,0,31
20459428,1,0,24,54,329
20539655,1,0,0,0,238
20625688,1,0,24,54,329
20625726,1,0,24,54,329
20625773,1,0,24,54,329
20631625,1,29,59,89,364
20778113,1,30,60,90,91
20824274,1,0,24,54,329
20856422,1,0,24,54,329
20877332,1,27,57,87,362
20904654,1,30,60,90,365
20984770,1,28,58,88,363
21013726,1,25,55,85,360
21015410,1,25,55,85,360
21015787,1,25,55,85,360
21015873,1,29,59,89,96
21015874,1,29,59,89,96
21015876,1,29,59,89,96
21015880,1,27,57,87,94
21015881,1,0,24,54,61
21015977,1,0,24,54,61
21154124,1,0,0,15,290
21227203,1,29,59,89,364
21283595,1,30,60,90,97
21370642,1,0,0,18,60
21402272,1,30,60,90,365
21415749,1,29,59,89,359
21419965,1,30,60,90,180
21420790,1,0,5,14,194
21428446,1,24,53,83,356
21553387,1,20,50,79,353
21605333,1,15,36,63,331
21626008,1,27,57,87,362
21650745,1,30,60,90,365
21670282,1,30,60,90,365
21703476,1,0,24,54,329
21722898,1,0,24,54,329
21755679,1,27,57,87,362
21758153,1,0,0,22,297
21772057,1,0,24,54,329
21854678,1,6,13,33,277
21854687,1,14,42,72,322
21854697,1,9,34,47,267
21865119,1,0,24,54,329
21888290,1,30,60,90,365
21916263,1,29,59,89,364
21928795,1,0,24,54,329
21970302,1,0,24,54,329
21970302,1,0,24,54,329
22007320,1,29,59,89,180
22019165,1,0,24,54,329
22021287,1,2,2,5,158
22051992,1,0,24,54,329
22177543,1,12,25,52,285
22193170,1,0,0,19,291
22196788,1,28,58,88,363
22214451,1,0,24,54,329
22233862,1,30,60,90,90
22267147,1,0,24,54,329
22345943,1,0,24,54,329
22361966,1,27,57,87,362
22376153,1,0,24,54,329
22395492,1,0,24,54,329
22472031,1,23,53,83,358
22561172,1,30,60,90,97
22588306,1,14,44,65,335
22590845,1,0,24,54,329
22594189,1,30,60,90,97
22720008,1,25,55,85,360
22745179,1,0,10,40,195
22798533,1,8,38,66,328
22890318,1,11,37,67,342
22912035,1,30,60,90,217
22912163,1,23,53,81,194
22918883,1,29,59,89,364
22971370,1,19,47,77,352
22990388,1,29,59,85,206
22990457,1,30,60,90,217
23015765,1,0,0,0,0
23045739,1,29,59,89,96
23048720,1,0,24,54,329
23052237,1,0,0,0,268
23063409,1,29,59,89,96
23070167,1,30,60,90,91
23070535,1,0,24,54,329
23080358,1,0,24,54,329
23094299,1,8,38,66,328
23097015,1,0,24,54,329
23112197,1,29,34,64,154
23169041,1,0,0,0,268
23279111,1,30,60,90,91
23315012,1,9,30,39,314
23318905,1,29,59,89,364
23345095,1,30,60,90,91
23348921,1,0,24,54,329
23360633,1,0,30,60,335
23361035,1,23,53,83,358
23362375,1,29,59,89,364
23362544,1,30,60,90,365
23380147,1,30,60,90,97
23380199,1,30,60,90,97
23380866,1,30,60,90,97
23613551,1,30,60,90,181
23733935,1,30,60,90,365
23760158,1,30,60,90,90
23861900,1,14,41,71,341
23862116,1,30,60,90,365
23874999,1,30,60,90,365
24125960,1,13,43,73,348
24161078,1,8,38,68,335
24170288,1,27,57,87,362
24222226,1,0,24,54,329
24300044,1,0,24,54,329
24447655,1,9,39,53,309
24500374,1,27,57,87,362
24506349,1,29,59,89,364
24528929,1,0,5,35,310
24569607,1,0,24,54,329
24586538,1,29,59,89,180
24606096,1,14,44,74,339
24618190,1,29,59,89,364
24635669,1,0,24,54,329
24636266,1,0,24,54,329
24636530,1,0,24,54,329
24660198,1,15,26,47,261
24682695,1,30,60,90,97
24720145,1,29,59,89,270
24725185,1,30,60,90,365
24785613,1,25,55,85,360
24855606,1,0,26,45,320
24863189,1,30,60,90,181
24900530,1,19,49,79,354
24919927,1,0,24,54,329
24972169,1,0,24,54,329
25087117,1,0,24,54,329
25183317,1,21,51,81,356
25183623,1,0,0,10,285
25183926,1,0,0,5,280
25184205,1,0,0,26,301
25324517,1,13,34,63,320
25353206,1,0,24,54,329
25424295,1,0,0,9,227
25432123,1,0,24,54,329
25432123,1,0,24,54,329
25435388,1,30,60,90,365
25711980,1,29,59,89,364
25797887,1,0,24,54,329
25860399,1,0,24,54,329
25877353,1,29,59,89,364
25899420,1,30,60,90,91
25909373,1,0,24,54,329
25926356,1,29,59,89,364
25927281,1,29,59,89,364
25963531,1,0,24,54,329
25985995,1,29,59,89,364
26108482,1,29,59,89,269
26183286,1,0,0,0,237
26207243,1,29,59,89,364
26290281,1,0,24,54,329
26293068,1,25,55,85,360
26382243,1,0,24,54,329
26583889,1,0,0,0,141
26584687,1,29,59,89,364
26722862,1,0,24,54,329
26791029,1,29,59,89,364
26822021,1,28,58,88,363
26965345,1,30,60,90,365
27091696,1,0,24,54,329
27125463,1,25,55,85,360
27141929,1,30,60,90,365
27173843,1,0,24,54,329
27174440,1,0,24,54,329
27343211,1,30,60,90,91
27816487,1,29,59,89,364
27858471,1,0,24,54,329
27882577,1,25,55,85,360
28000993,1,29,59,89,364
28264364,1,0,0,14,289
28321986,1,0,0,0,268
28522862,1,0,24,54,329
28536238,1,3,15,21,162
28649449,1,6,12,33,304
28700151,1,0,24,54,329
28772425,1,0,24,54,329
28789161,1,29,59,89,364
28998042,1,30,60,90,364
28998145,1,28,58,88,363
28998161,1,29,59,89,364
28998181,1,30,57,87,362
28998191,1,28,58,88,363
29072228,1,0,24,54,329
29076794,1,30,60,90,365
29180163,1,30,60,90,365
29302695,1,29,59,89,364
29302695,1,29,59,89,364
29344002,1,25,55,85,360
29355663,1,0,24,54,329
29525299,1,27,57,87,362
29525951,1,30,60,90,365
29526074,1,18,41,71,341
29546144,1,29,59,89,364
29547507,1,29,59,89,364
29548114,1,29,59,89,364
29548473,1,29,59,89,364
29549880,1,29,59,89,364
29552115,1,6,36,66,341
29552643,1,19,49,78,353
29554536,1,19,43,69,241
29579499,1,20,49,79,354
29580481,1,17,38,68,325
29581373,1,24,54,84,359
29634299,1,28,58,88,363
29725544,1,27,57,87,362
29768671,1,25,55,85,360
29977663,1,0,24,54,329
30031199,1,0,0,0,259
30046453,1,0,24,54,329
30058572,1,0,24,54,329
30096510,1,30,60,90,90
30234271,1,0,24,54,329
30274603,1,28,58,88,178
30407285,1,30,60,90,365
30410480,1,0,24,54,329
30431950,1,0,24,54,329
30431950,1,0,24,54,329
30434753,1,0,24,54,329
30453430,1,0,24,54,329
30453430,1,0,24,54,329
30494592,1,0,24,54,329
30520209,1,0,24,54,329
30520904,1,0,24,54,329
30543386,1,25,55,85,360
30570119,1,0,24,54,329
30578632,1,30,60,90,91
30687199,1,30,60,90,363
30776617,1,0,24,54,329
30783602,1,30,60,90,365
30878734,1,0,24,54,329
30966211,1,0,24,54,329
31002918,1,17,46,75,349
31003554,1,15,20,49,324
31081282,1,0,24,54,329
31107843,1,0,24,54,329
31112721,1,0,24,54,329
31114726,1,28,58,88,363
31129905,1,0,24,54,329
31155160,1,0,24,54,329
31196834,1,29,59,89,364
31201327,1,29,59,89,364
31218304,1,30,60,90,180
31219674,1,29,59,89,364
31275547,1,28,58,88,363
31276318,1,28,58,88,363
31276318,1,28,58,88,363
31348508,1,29,59,89,364
31424549,1,12,42,72,342
31424940,1,5,20,40,282
31457968,1,15,45,75,193
31506096,1,30,60,90,90
31573008,1,30,60,90,365
31580959,1,29,59,62,313
31604515,1,29,59,89,364
31604616,1,29,59,89,364
31658769,1,29,59,89,364
31886652,1,19,49,79,259
32003564,1,28,58,88,363
32035890,1,0,24,54,329
32035890,1,0,24,54,329
32171204,1,0,24,54,329
32222890,1,0,24,54,329
32295511,1,29,59,89,364
32296304,1,0,0,23,179
32303894,1,30,60,90,365
32309635,1,0,0,0,148
32376196,1,0,0,15,290
32394595,1,0,0,0,0
32488562,1,25,55,85,360
32526213,1,29,59,89,96
32533341,1,29,59,89,364
32576311,1,23,41,71,341
32623479,1,10,29,59,66
32723994,1,25,55,85,360
32729464,1,0,24,54,329
32729775,1,0,24,54,329
32730349,1,9,18,31,146
32732351,1,0,24,54,329
32748783,1,25,55,85,360
32777995,1,0,24,54,329
32818879,1,25,55,85,360
32821771,1,25,55,85,360
32822582,1,0,24,54,329
32832467,1,0,24,54,329
32846195,1,0,24,54,329
32873124,1,0,24,54,329
32874731,1,25,55,85,360
32906878,1,29,59,89,364
32908981,1,29,59,89,364
32949187,1,25,55,85,360
32949544,1,25,55,85,360
33028364,1,29,59,89,180
33029085,1,29,59,89,180
33050985,1,0,0,0,0
33060127,1,29,59,89,364
33061316,1,29,59,89,364
33061606,1,29,59,89,364
33076582,1,25,55,85,360
33079469,1,25,55,85,360
33081780,1,0,24,54,329
33085177,1,29,59,89,364
33085362,1,0,24,54,329
33098686,1,25,55,85,360
33119907,1,25,55,85,360
33147781,1,29,59,89,364
33155188,1,0,24,54,329
33175321,1,29,59,89,364
33208103,1,29,59,89,364
33208709,1,29,59,89,364
33216747,1,25,55,85,360
33238214,1,30,60,90,91
33330793,1,0,24,54,329
33388955,1,0,0,0,148
33460906,1,0,24,54,329
33477122,1,25,55,85,360
33515578,1,28,58,88,363
33604276,1,30,60,90,365
33622349,1,29,59,89,364
33634552,1,0,0,0,89
33669171,1,0,0,0,117
33722089,1,0,24,54,329
33734018,1,14,44,74,349
33792104,1,0,24,54,329
33815699,1,29,59,89,364
33836101,1,0,0,0,7
33885738,1,25,55,85,360
33888989,1,30,60,90,363
33894843,1,29,59,89,364
33982757,1,25,55,83,83
33999107,1,25,55,85,360
34010187,1,23,53,83,358
34052336,1,29,59,89,364
34068805,1,29,59,89,364
34071208,1,18,48,76,76
34071596,1,19,49,77,77
34071837,1,9,37,65,65
34072244,1,15,45,73,73
34076777,1,0,24,54,329
34082010,1,0,24,54,329
34186257,1,29,59,89,364
34236667,1,0,0,0,237
34243743,1,30,60,90,365
34271538,1,0,24,54,329
34271538,1,0,24,54,329
34346401,1,0,24,54,329
34373954,1,25,55,85,360
34454047,1,30,60,90,365
34489654,1,30,60,90,91
34526007,1,0,0,0,0
34569244,1,30,60,90,365
34569884,1,30,60,90,365
34579286,1,0,10,40,315
34627895,1,28,58,88,363
34634297,1,24,50,80,355
34654117,1,29,59,89,364
34675596,1,29,59,89,364
34699073,1,29,59,89,364
34770802,1,30,60,90,365
34790062,1,28,58,88,363
34804905,1,30,60,90,91
34819352,1,30,60,90,365
34909010,1,0,24,54,329
34909012,1,0,24,54,329
34930444,1,0,24,54,329
34932388,1,0,24,54,329
34964444,1,0,24,54,329
35026116,1,25,55,85,360
35030220,1,30,60,90,91
35102472,1,0,0,0,87
35181133,1,25,55,85,360
35185755,1,29,59,89,364
35185822,1,29,59,89,364
35328831,1,28,58,88,363
35359778,1,30,60,90,365
35363901,1,29,59,89,364
35429425,1,29,59,89,364
35477254,1,29,59,89,364
35483332,1,29,59,89,364
35483354,1,29,59,89,364
35483358,1,29,59,89,364
35505259,1,29,59,89,364
35505259,1,29,59,89,364
35505740,1,29,59,89,364
35506195,1,29,59,89,364
35506661,1,29,59,89,364
35628829,1,29,59,89,364
35656521,1,29,59,89,364
35656871,1,29,59,89,364
35693228,1,29,59,89,364
35723337,1,23,53,83,263
36008984,1,29,59,89,364
36009935,1,29,59,89,364
36010500,1,29,59,89,364
36013750,1,29,59,89,364
36016056,1,29,59,89,364
36122224,1,29,59,89,364
36129690,1,30,60,90,365
36131561,1,29,59,89,364
36156090,1,29,59,89,364
36156663,1,29,59,89,364
36216542,1,0,6,36,311
36226718,1,27,57,87,268
36252767,1,29,59,89,364
36264042,1,29,59,89,180
36285087,1,29,59,89,269
36285346,1,29,59,89,364
36324726,1,29,59,89,364
36325967,1,27,57,87,362
36333873,1,29,59,89,364
36354920,1,0,0,3,278
36490863,1,27,57,87,178
36530311,1,25,55,85,360
36581961,1,30,60,90,365
36652759,1,30,60,90,365
36681333,1,28,58,88,363
36808814,1,30,60,90,181
36852543,1,29,59,89,364
36983957,1,29,59,89,364
36989732,1,3,3,3,271
37111118,1,0,0,13,233
37169326,1,29,59,89,364
37219959,1,25,55,85,360
37219965,1,25,55,85,360
37219971,1,25,55,85,360
37234668,1,29,59,89,364
37236875,1,30,60,90,365
37257081,1,30,60,90,365
37299191,1,29,59,89,364
37312985,1,29,59,89,364
37313724,1,29,59,89,364
37314737,1,29,59,89,364
37334803,1,29,59,89,364
37444884,1,0,24,54,329
37576690,1,1,1,1,1
37586357,1,25,55,85,360
37587133,1,29,59,89,364
37605217,1,0,24,54,329
37646663,1,29,59,89,364
37646663,1,29,59,89,364
37647172,1,29,59,89,364
37648135,1,29,59,89,364
37794307,1,0,24,54,329
37905248,1,25,55,85,360
37916346,1,27,56,86,361
37947662,1,30,60,90,365
37958355,1,29,59,89,364
37999599,1,30,60,90,365
38005247,1,0,24,54,329
38033643,1,29,59,89,364
38034121,1,29,59,89,364
38035489,1,0,24,54,329
38134989,1,30,60,90,365
38136195,1,27,57,87,94
38305984,1,16,34,44,319
38307308,1,19,49,79,354
38307486,1,23,53,83,174
38332556,1,29,59,89,364
38388737,1,4,33,59,59
38478522,1,0,24,54,329
38498535,1,30,60,90,365
38523541,1,30,60,90,365
38526126,1,29,59,89,364
38530815,1,0,24,54,329
38639800,1,0,24,54,329
38788624,1,29,59,89,364
38824582,1,30,60,90,365
38824684,1,29,59,89,180
38837741,1,29,59,89,364
38910295,1,0,24,54,329
38914093,1,19,49,77,77
38915453,1,29,59,89,364
38915787,1,29,59,89,364
38916143,1,10,38,66,66
38935611,1,30,60,90,365
38939902,1,13,42,70,70
38951604,1,30,60,90,365
38965851,1,30,60,90,365
38986709,1,12,42,70,70
39014250,1,21,51,79,79
39115031,1,0,24,54,329
39119402,1,24,48,77,248
39119415,1,24,48,75,247
39155845,1,0,0,0,83
39158146,1,0,0,9,103
39212348,1,29,59,89,364
39214180,1,29,59,89,364
39293936,1,0,0,0,48
39338786,1,28,58,88,363
39345579,1,0,24,54,329
39380253,1,0,24,54,329
39401038,1,29,59,89,364
39401945,1,29,59,89,364
39403510,1,29,59,89,364
39404193,1,29,59,89,364
39404728,1,29,59,89,364
39404880,1,29,59,89,364
39405623,1,29,59,89,364
39406103,1,29,59,89,364
39406586,1,29,59,89,364
39451138,1,0,0,19,294
39451764,1,0,24,54,329
39488084,1,0,24,54,329
39589304,1,21,51,79,79
39612598,1,0,24,54,329
39638066,1,30,60,90,365
39653480,1,30,60,90,365
39657837,1,0,0,0,178
39679521,1,0,0,0,268
39689162,1,0,28,58,333
39767724,1,0,24,54,329
39811470,1,30,60,90,90
39822559,1,0,24,54,329
40043690,1,29,59,89,364
40072058,1,30,60,90,365
40149431,1,29,59,89,180
40185785,1,29,59,89,364
40198092,1,30,60,90,90
40211954,1,30,60,90,365
40213569,1,27,57,87,178
40226189,1,28,58,88,363
40267527,1,30,60,90,91
40267722,1,30,60,90,91
40294463,1,29,59,89,180
40314515,1,29,59,89,364
40315763,1,25,55,85,360
40321693,1,30,60,90,365
40354419,1,29,59,89,364
40354655,1,29,59,89,364
40361907,1,29,59,89,270
40382084,1,29,59,89,364
40479903,1,29,59,89,180
40551114,1,0,24,54,329
40567661,1,25,55,85,360
40597586,1,30,60,90,365
40605925,1,29,59,89,364
40641448,1,29,59,89,364
40642051,1,25,55,85,360
40642810,1,30,60,90,365
40681844,1,30,60,90,365
40687175,1,30,60,90,365
40690201,1,28,58,88,363
40712481,1,29,59,89,364
40736423,1,29,59,89,96
40736566,1,29,59,89,96
40765359,1,30,60,90,365
40769351,1,25,55,85,360
40833390,1,0,25,55,330
40849480,1,30,60,90,365
40850159,1,30,60,90,365
40856084,1,29,59,89,364
40862235,1,30,60,90,91
40875632,1,29,59,89,96
40901829,1,30,60,90,365
40902252,1,0,0,0,237
40904017,1,30,60,90,365
40904264,1,30,60,90,365
40904925,1,29,59,89,180
40905313,1,29,59,89,180
40905639,1,29,59,89,180
40933623,1,14,44,74,338
40936924,1,0,21,51,232
40953263,1,29,59,89,364
40966161,1,0,0,15,289
40974363,1,18,41,55,325
40974569,1,18,45,75,345
40975409,1,7,14,44,306
40975518,1,23,53,83,358
40975603,1,14,41,71,340
40975736,1,15,41,69,341
40983826,1,30,60,90,91
41014661,1,29,59,89,364
41014693,1,29,59,89,364
41032819,1,29,59,89,96
41033189,1,29,59,89,96
41070234,1,29,59,89,96
41089548,1,29,59,89,364
41090834,1,20,43,71,346
41090879,1,16,46,76,351
41091240,1,26,56,86,361
41091895,1,12,25,52,285
41116039,1,24,42,72,342
41116137,1,25,40,57,327
41116342,1,25,53,83,355
41117291,1,17,44,74,349
41120765,1,30,60,90,91
41158163,1,8,38,66,328
41202185,1,29,59,89,364
41214546,1,0,24,54,329
41299496,1,0,24,54,329
41299496,1,0,24,54,329
41303291,1,0,24,54,329
41323209,1,0,24,54,329
41388877,1,25,55,85,360
41419891,1,29,59,89,364
41439350,1,28,58,88,358
41439736,1,29,59,89,364
41460941,1,28,58,88,363
41476885,1,28,58,88,363
41481981,1,10,36,62,70
41482560,1,10,35,65,74
41566195,1,0,24,54,329
41568582,1,29,59,89,364
41570615,1,30,60,90,91
41626102,1,29,59,89,364
41650236,1,29,59,89,364
41703280,1,29,59,89,364
41889066,1,0,24,54,319
41948477,1,0,24,54,329
42011728,1,30,60,90,91
42079535,1,28,55,83,358
42079889,1,23,53,83,358
42081657,1,29,59,89,364
42144452,1,0,24,54,329
42184804,1,29,59,89,364
42190445,1,0,24,54,329
42214291,1,29,59,89,364
42238629,1,29,59,89,364
42301284,1,29,59,89,364
42301881,1,29,59,89,364
42337015,1,5,35,65,156
42337552,1,0,24,45,313
42337799,1,3,27,51,326
42417293,1,30,60,90,365
42545364,1,29,59,89,364
42545850,1,0,0,0,246
42555321,1,0,0,0,238
42555446,1,0,0,0,238
42555518,1,0,0,0,238
42555592,1,0,0,0,238
42555640,1,0,0,0,238
42588720,1,29,59,89,364
42654230,1,29,59,89,364
42693235,1,0,24,54,329
42697304,1,0,0,0,209
42700800,1,1,1,1,239
42750393,1,0,0,0,209
42752743,1,0,24,54,329
42753075,1,30,60,90,365
42796548,1,28,58,88,269
42804408,1,22,52,82,83
42872451,1,0,24,54,329
42882253,1,30,60,90,365
42885763,1,29,59,89,364
42885911,1,29,58,88,363
42886241,1,29,59,89,364
42913012,1,30,60,90,365
42932845,1,29,59,89,364
42945709,1,29,59,89,364
42946035,1,29,59,89,364
42946226,1,29,59,89,364
42983733,1,29,59,89,364
43006583,1,29,59,89,364
43080765,1,30,60,90,365
43089999,1,0,9,39,314
43108706,1,0,24,54,329
43112898,1,0,24,54,329
43120435,1,29,59,89,364
43145924,1,29,59,89,364
43183219,1,29,59,89,364
43313632,1,27,57,87,362
43313813,1,5,12,20,238
43336673,1,29,59,89,364
43337094,1,28,58,88,363
43354292,1,30,60,90,365
43354914,1,0,0,0,268
43358921,1,0,0,0,208
43359359,1,0,0,0,268
43359426,1,6,36,66,341
43379651,1,27,57,87,362
43379899,1,28,58,88,363
43406519,1,30,60,90,365
43407835,1,28,58,88,363
43408005,1,29,59,89,364
43414572,1,30,60,90,365
43479862,1,23,53,83,358
43492077,1,0,0,0,275
43492196,1,0,8,38,313
43493128,1,0,8,38,313
43542472,1,0,0,25,300
43584129,1,25,55,85,360
43649078,1,29,59,89,295
43706347,1,29,59,89,364
43922476,1,0,0,0,55
43947546,1,29,59,89,364
44042639,1,0,24,54,329
44090296,1,29,59,89,364
44091450,1,29,59,89,364
44255450,1,30,60,90,91
44283744,1,26,56,86,177
44294078,1,29,59,89,180
44420536,1,25,55,85,355
44525671,1,29,59,89,364
44626865,1,0,0,29,120
45005221,1,0,24,54,329
45280147,1,29,59,89,364
45319306,1,29,59,89,364
45440615,1,0,0,8,283
45440615,1,0,0,8,283
45474953,1,29,59,89,364
45524524,1,29,59,89,364
45626850,1,29,59,89,364
45680876,1,0,24,54,329
45705715,1,29,59,89,364
45774683,1,0,0,0,87
45777993,1,29,59,89,364
45778518,1,29,59,89,364
45779393,1,29,59,89,364
45855332,1,29,59,89,364
45871999,1,0,0,0,31
45902566,1,25,55,85,92
45918725,1,29,59,89,364
45948749,1,29,59,89,364
45949989,1,29,59,89,364
45960413,1,0,14,20,20
45961316,1,19,49,79,86
45961358,1,0,14,20,20
45962405,1,8,38,66,70
45962749,1,9,39,69,75
45962895,1,8,38,66,70
45963685,1,0,0,0,174
46000906,1,29,59,89,364
46028608,1,29,59,89,364
46057282,1,30,60,90,97
46057773,1,8,38,68,75
46057791,1,0,14,20,20
46073890,1,30,60,90,97
46075495,1,8,38,68,75
46096669,1,30,60,90,365
46108799,1,0,14,20,20
46114490,1,19,49,79,354
46144509,1,0,0,0,228
46144841,1,0,0,0,224
46145057,1,0,0,0,118
46321781,1,29,59,89,364
46388294,1,29,59,89,364
46456107,1,29,59,89,364
46473348,1,21,49,49,49
46474181,1,0,22,22,22
46475535,1,18,48,78,86
46475821,1,0,24,52,56
46476300,1,0,24,52,56
46589101,1,29,59,89,364
46590239,1,24,54,84,91
46590765,1,26,56,86,93
46591065,1,0,14,20,20
46605955,1,9,39,69,76
46606151,1,0,15,21,21
46606472,1,9,39,69,76
46669109,1,29,59,89,364
46684451,1,29,59,89,364
46686166,1,23,53,83,358
46686341,1,29,59,89,364
46698429,1,29,59,89,364
46698961,1,29,59,89,364
46783606,1,0,0,14,289
46933172,1,29,59,89,364
46973148,1,29,59,89,364
47060269,1,19,49,79,354
47060269,1,19,49,79,354
47083110,1,0,0,0,107
47188396,1,0,30,60,151
47295315,1,27,57,87,362
47295571,1,30,60,90,365
47295577,1,30,60,90,365
47295777,1,23,53,83,358
47296644,1,30,60,90,365
47296851,1,28,58,88,363
47326826,1,29,59,89,364
47460138,1,19,49,79,354
47736858,1,29,59,89,364
47775611,1,29,59,89,364
47778000,1,29,59,89,364
47789812,1,29,59,89,364
47838915,1,29,59,89,364
47911042,1,28,58,88,363
47911419,1,27,57,87,362
47912630,1,30,60,90,365
47931824,1,29,59,89,364
47945468,1,27,57,87,362
47945578,1,26,56,86,361
47945703,1,27,57,87,362
47945986,1,29,59,89,364
48007776,1,30,60,90,365
48019222,1,28,58,88,363
48019325,1,27,57,87,362
48019417,1,27,57,87,362
48019515,1,11,34,62,337
48033280,1,28,58,88,363
48033351,1,29,59,89,364
48033436,1,29,59,89,364
48034619,1,29,59,89,364
48085243,1,29,59,89,364
48127824,1,29,59,89,364
48141144,1,29,59,89,364
48153394,1,29,59,89,364
48176330,1,28,58,88,363
48191140,1,15,45,75,350
48265114,1,0,0,23,114
48286216,1,0,0,0,268
48313505,1,0,0,0,268
48531971,1,29,59,89,364
48613065,1,24,54,82,82
49048346,1,29,59,89,364
49048569,1,26,56,86,361
49083516,1,30,60,90,365
49083651,1,30,60,90,365
49087160,1,28,58,88,363
49099456,1,29,59,89,364
49099810,1,30,60,90,365
49133042,1,21,48,75,339
49428269,1,0,24,54,329
49445304,1,29,59,89,269
49535860,1,0,0,30,121
49597391,1,30,60,90,365
49863259,1,16,46,76,351
49893407,1,29,59,89,364
49896709,1,29,59,89,364
49937277,1,29,59,89,364
49939967,1,29,59,89,364
49951302,1,28,58,88,363
50220613,1,29,59,89,270
50229786,1,28,58,88,363
50253816,1,0,0,0,87
50255816,1,26,56,86,361
50278378,1,29,59,89,364
50333798,1,0,0,0,146
50340792,1,0,24,54,329
50402384,1,0,24,54,329
50404949,1,18,31,45,291
50433019,1,23,39,61,148
50476069,1,13,43,73,348
50492656,1,28,58,88,363
50493423,1,29,59,89,364
50537862,1,29,59,89,364
50538895,1,29,59,89,364
50577215,1,0,0,0,8
50707898,1,29,59,89,96
50708702,1,29,59,89,96
50719175,1,29,59,89,364
50737006,1,6,36,58,65
50822918,1,29,59,89,96
50823263,1,29,59,89,96
50823476,1,29,59,89,96
50823783,1,29,59,89,96
50823783,1,29,59,89,96
50844665,1,23,53,83,358
51002244,1,30,60,90,91
51075717,1,29,59,89,364
51076382,1,28,58,88,363
51131949,1,28,58,88,363
51137361,1,28,58,88,363
51246884,1,0,24,54,213
51337824,1,29,59,89,364
51338514,1,29,59,89,364
51357661,1,29,59,89,364
51357661,1,29,59,89,364
51475066,1,28,58,88,363
51476593,1,29,59,89,364
51514279,1,0,24,54,329
51514416,1,29,59,89,364
51548417,1,29,59,89,364
51573604,1,29,59,89,364
51593286,1,29,59,89,364
51660574,1,15,43,68,338
51660773,1,21,51,81,354
51661055,1,21,51,81,354
51661224,1,13,41,71,343
51680260,1,29,59,89,364
51698814,1,0,28,58,333
51736327,1,0,0,0,137
51759139,1,29,59,89,364
51809454,1,29,59,89,364
51809755,1,29,59,89,364
51833418,1,29,59,89,364
51858493,1,0,0,28,185
51898390,1,29,59,89,364
51899564,1,29,59,89,364
51931255,1,6,27,53,316
51931450,1,7,22,52,314
51931632,1,9,29,56,328
51946794,1,6,25,48,319
51946940,1,18,48,78,353
51947045,1,7,25,54,329
51996111,1,29,59,89,364
51997726,1,29,59,89,364
52062009,1,20,48,78,352
52062197,1,24,45,56,325
52157275,1,29,59,89,364
52272864,1,29,59,89,364
52289477,1,29,59,89,364
52301070,1,0,0,21,118
52333311,1,0,0,0,273
52357276,1,22,52,82,355
52357563,1,17,45,72,347
52357696,1,17,47,75,350
52357956,1,6,18,41,304
52358231,1,29,59,89,364
52359332,1,29,59,89,364
52360450,1,29,59,89,364
52396348,1,29,59,89,364
52522468,1,29,59,89,364
52525344,1,29,59,89,364
52575543,1,8,28,52,322
52575637,1,15,45,73,348
52604174,1,29,59,89,364
52663333,1,29,59,89,364
52664352,1,29,59,89,364
52680716,1,29,59,89,364
52681365,1,29,59,89,364
52767590,1,29,59,89,364
52786412,1,29,59,89,364
52786412,1,29,59,89,364
52910692,1,29,59,89,364
52911736,1,29,59,89,364
52928963,1,29,59,89,364
52929689,1,29,59,89,364
52977792,1,29,59,89,364
53000749,1,29,59,89,364
53035232,1,30,60,90,365
53038612,1,29,59,89,364
53070791,1,29,59,89,364
53072633,1,29,59,89,364
53073961,1,16,46,76,351
53103357,1,29,59,89,364
53119442,1,17,47,68,343
53122920,1,24,54,84,359
53123488,1,8,38,68,343
53137763,1,30,60,90,365
53138620,1,29,59,89,364
53166174,1,11,26,56,331
53174768,1,3,12,42,302
53175494,1,30,60,90,91
53175628,1,7,9,39,314
53175850,1,17,47,77,352
53193333,1,23,53,83,357
53196067,1,23,53,83,357
53196481,1,17,47,77,352
53209302,1,30,60,90,365
53222711,1,18,45,75,350
53260515,1,15,23,23,268
53260824,1,23,42,72,347
53270162,1,16,46,68,337
53281701,1,16,46,76,351
53284064,1,29,59,89,364
53301824,1,5,7,37,311
53317236,1,29,59,89,364
53346651,1,29,59,89,364
53355259,1,4,34,64,332
53355991,1,16,46,76,351
53374606,1,22,52,82,356
53375485,1,23,53,83,357
53388036,1,21,51,74,342
53406678,1,29,59,89,364
53408171,1,29,59,89,364
53465105,1,14,20,50,325
53465265,1,0,25,55,330
53465478,1,14,44,74,349
53483449,1,30,60,90,365
53564318,1,30,60,90,365
53577728,1,29,59,89,364
53618034,1,25,49,79,354
53622188,1,14,31,61,336
53632741,1,16,40,70,345
53633752,1,20,41,71,346
53697187,1,16,40,70,345
53697444,1,15,39,69,344
53745162,1,19,49,79,354
53819000,1,17,41,61,308
53853183,1,0,0,0,268
53855956,1,29,59,89,364
53883858,1,29,59,89,364
53884012,1,29,59,89,364
53905492,1,28,58,88,363
53910434,1,29,59,89,364
54008210,1,29,59,89,364
54042568,1,29,59,89,364
54060493,1,29,59,89,364
54061501,1,29,59,89,364
54076340,1,29,59,89,364
54086298,1,28,58,88,363
54186804,1,29,59,89,364
54188078,1,17,47,63,319
54204802,1,17,23,41,277
54205551,1,16,22,40,277
54205610,1,23,53,83,357
54219139,1,30,60,90,365
54219241,1,30,60,90,365
54219324,1,30,60,90,365
54219421,1,30,60,90,365
54237144,1,13,19,37,273
54350213,1,29,59,89,364
54381837,1,30,60,90,365
502480461710129750,1,29,59,89,364
542953504353473979,1,30,60,90,91
543954982497337161,1,23,53,83,358
548205562892374425,1,21,51,78,353
548960838575945386,1,30,60,90,365
548960838575945386,1,30,60,90,365
554284336935825575,1,30,60,90,365
559056248885116682,1,28,58,88,89
559688933624074066,1,29,59,89,364
564785489291649854,1,29,59,89,364
567225306259796229,1,13,43,73,348
567910789087190907,1,7,24,54,329
569225009327985337,1,0,3,7,154
570021053543593969,1,0,29,59,334
571344298305335079,1,13,40,70,79
571352760576491118,1,11,37,67,72
577996062442641551,1,29,59,89,364
580929065419656480,1,30,60,90,365
585804868046252353,1,29,59,89,364
590190636729859001,1,30,60,90,365
593128448022183606,1,30,60,90,365
594591631258539165,1,29,59,89,364
597236119117778121,1,29,59,89,90
598767056595178619,1,12,20,50,51
598911290335045537,1,29,59,89,90
599044707010585796,1,28,58,88,363
599562996273670621,1,29,59,89,364
599610659013320019,1,29,59,89,89
599626408734532176,1,29,59,89,89
601224010844237665,1,29,59,89,364
602404867602970361,1,28,58,88,88
602593937490027793,1,30,60,90,365
603353367422710106,1,29,59,89,364
604716361293678447,1,29,59,89,364
605534351376328745,2,14,29,43,291
606329696219047813,1,26,56,86,361
610508444225189537,1,29,59,89,364
610566475939497195,1,29,59,89,364
611242881863514656,1,20,50,80,336
613551678122841604,1,29,59,89,364
613551678122841604,1,29,59,89,364
615692557334754832,1,29,59,89,364
615713320671809750,1,29,59,89,364
616269766989380503,1,23,53,80,345
617247173811632292,1,25,53,83,315
619344375144497364,1,29,59,89,364
620076438504000936,1,29,59,89,364
620705327184829898,1,29,59,89,179
620777463829233961,1,29,59,89,364
620788126893611691,1,28,58,88,363
621480603611316320,1,29,59,89,364
622285459570305887,1,30,60,90,365
622961762441208330,1,23,53,83,349
623042143455413093,1,18,48,78,353
623562080134198803,1,29,59,89,364
623646658754263160,1,30,60,90,365
623665139003422870,1,29,59,89,364
623676922118858286,1,29,59,89,364
623694448987969436,1,29,59,89,364
624502504905625021,1,30,60,90,365
625135124287221387,1,29,59,89,364
625829847882664763,1,22,52,82,351
627993362264237393,1,29,59,89,364
628023655354972471,1,29,59,89,364
628034481071512731,1,29,59,89,364
628738540839451766,1,29,59,89,364
628752925881489685,1,29,59,89,364
629189587525996416,1,20,50,80,81
629352080908662240,1,0,0,0,84
629973494565859384,1,29,59,89,364
629974653707138627,1,29,59,89,364
630126688219312259,1,29,59,89,364
630208064898451131,1,29,59,89,364
630881849580813017,1,29,59,89,364
630900945708849734,1,29,59,89,364
630925262965708245,1,29,59,89,364
631583437029511305,1,29,59,89,364
632224439482493448,1,30,60,90,365
633108840702293787,1,29,59,89,364
633118936453656425,1,29,59,89,364
633841815893400655,1,29,59,89,364
634448889782680248,1,29,59,89,364
634534978205983092,1,29,59,89,364
634569447314151746,1,30,60,90,365
635244041403809380,1,29,59,89,364
635987457575288578,1,29,59,89,364
636006272729140259,1,29,59,89,364
638121765679357415,1,29,59,89,364
638157489194139391,1,29,59,89,364
638176617437521778,1,29,59,89,364
638201906530372104,1,29,59,89,364
638830141716356817,1,29,59,89,364
638889989464776794,1,29,59,89,364
638976925497534512,1,0,0,8,283
639462895890373143,1,30,60,90,365
640310042458311380,1,30,60,90,365
641022613979553788,1,29,59,89,364
641747306596079521,1,30,60,90,365
643090826146083210,1,0,0,27,302
643168943861912173,1,29,59,89,364
644632856218324757,1,30,60,90,271
645129565410016767,1,1,4,34,309
645137865651705918,1,17,47,77,352
645141777796994201,1,5,35,65,340
650228376728214129,1,30,60,90,365
650233126736416423,1,29,59,89,364
653192786699836294,1,1,1,1,237
653941042197595346,1,29,59,89,364
656104255406415172,1,30,60,90,181
657386308340423700,1,29,59,89,180
658336525634296818,1,30,60,90,181
661126911495364978,1,23,51,81,353
662263163174421427,1,30,60,90,365
663003515223444114,1,29,59,89,364
665411423125094948,1,30,60,90,365
668393019806616713,1,29,59,89,364
668487491225047475,1,13,36,63,318
668494656588674321,1,10,39,54,298
668671185747578643,1,24,51,81,351
668830935086685361,1,26,56,86,355
668836828364549387,1,29,59,89,364
668840048839829552,1,16,46,69,333
668840259836317490,1,29,59,89,364
669949193228817088,1,0,0,0,269
670691878913022324,1,13,36,63,318
670691878913022324,1,13,36,63,318
670724221034798037,1,29,59,89,364
670732632058952129,1,10,39,54,298
670740956726681567,1,17,44,67,315
670746100817806353,1,15,41,62,306
670746100817806353,1,15,41,62,306
670750910556737996,1,26,56,86,357
670754302184246103,1,23,53,83,358
670754302184246103,1,23,53,83,358
670887749367344820,1,25,55,85,360
671343585522620592,1,29,59,89,364
671503829725764558,1,29,59,89,364
671978123001456727,1,30,60,90,365
672237297185438229,1,29,59,89,364
672646130912795985,1,18,48,78,353
673425547081926420,1,27,48,78,326
673581406414691597,1,27,53,83,347
674204922665081112,1,26,56,86,359
674205198553506255,1,24,52,82,352
674254245497307172,1,26,56,86,361
674254346354254816,1,30,60,90,365
674952495475630399,1,22,37,64,309
674964505879995626,1,16,46,76,351
675675863101369478,1,19,46,76,347
675682174089655665,1,18,33,58,319
675839404447270831,1,9,24,49,295
675861895939638629,1,15,42,72,338
675861895939638629,1,15,42,72,338
675870259202962455,1,18,44,69,325
675890373004181328,1,21,51,81,350
676406619582870756,1,19,48,78,353
678593171153227327,1,12,39,66,318
679600628150877670,1,20,50,78,351
679605497637929368,1,24,52,82,350
679613933233950982,1,24,54,84,346
680181653599987546,1,18,48,78,341
680200338974500186,1,30,60,90,365
680202927132447699,1,18,48,78,350
680699663121181505,1,30,58,88,363
680700966425652034,1,17,47,76,349
682352208578700102,1,14,42,69,325
682358531498948078,1,30,60,90,365
682365309738411590,1,18,35,65,337
685013587030266236,1,30,60,83,347
685023601050841599,1,9,32,56,298
685382550345530216,1,26,56,86,357
685971733066763213,1,30,60,90,365
685971733066763213,1,30,60,90,365
688622666501777611,1,11,29,58,319
690173353285048045,1,29,59,89,364
690829460604577382,1,23,53,83,353
691733988252942677,1,30,60,90,365
692346411727199288,1,22,52,81,342
692445828308867475,1,24,54,84,359
692445828308867475,1,24,54,84,359
692483501961460411,1,27,57,87,362
692483501961460411,1,27,57,87,362
692715660613111170,1,25,48,78,353
692743137079860872,1,27,57,87,362
692747103576172175,1,21,49,79,351
692748972763723372,1,21,49,79,351
692748972763723372,1,21,49,79,351
694094996634001422,1,23,53,83,358
694577313257572204,1,29,59,89,364
695307435383141831,1,21,44,68,326
696253795962998334,1,8,10,40,315
701085941036328384,1,29,59,89,364
701163182645910620,1,29,59,89,364
701775603166450047,1,29,59,89,364
703934454801368238,1,29,59,89,364
706165133122408093,1,29,59,89,364
706436697789177437,1,27,57,87,362
707565204178349010,1,9,25,37,37
709939057124036960,1,6,28,48,49
712103299601725785,1,29,59,89,364
713931790395344585,1,12,29,55,59
714100989959146472,1,29,59,89,364
714203758919828205,1,18,44,73,348
714890700458918945,1,21,44,68,326
714890700458918945,1,21,44,68,326
716283486212132297,1,12,36,55,55
719821104611749511,1,28,58,88,363
720065272403972550,1,29,59,89,364
721480577716308823,1,29,59,89,364
724214731254895787,1,20,50,80,355
725927989859971677,1,30,60,90,365
725927989859971677,1,30,60,90,365
729304013671976178,1,30,60,90,365
729606127391145026,1,29,58,87,362
730382221702215291,1,30,60,90,365
730398762978095307,1,30,60,90,365
732512783871538330,1,30,60,90,365
734588947303112403,1,29,59,89,359
736166550462292842,1,30,60,90,365
738632897937347982,1,30,60,90,97
741440446304335288,1,30,60,90,365
741527758213383348,1,3,3,3,248
743171330829817024,1,30,60,90,365
743184158790891783,1,30,60,90,365
748899639556288988,1,30,60,90,181
749758789682527413,1,14,44,66,321
750587874133037662,1,30,60,90,365
754730391420070479,1,29,59,89,364
755422693666901841,1,29,53,75,339
755560671932535390,1,24,54,84,359
755574802437891871,1,29,59,89,364
756273570620615397,1,29,59,89,364
760558711125468185,1,30,60,90,365
762626108952636785,1,29,59,89,364
764336237107874293,1,30,60,90,365
764824832337587941,1,6,36,66,341
765434508191118626,1,0,24,54,329
765693052421269833,1,29,59,89,364
769986115930050036,1,0,0,9,284
771218840553688603,1,19,42,70,345
771234942973768515,1,23,53,83,358
771247750213473210,1,22,50,80,352
771293727199751958,1,25,40,57,327
771301226811958509,1,7,14,44,305
771311210216632450,1,9,39,53,309
771426892936935804,1,0,24,54,319
772017539179573867,1,30,60,90,365
772052508680062853,1,30,60,90,365
772751858111782112,1,29,59,89,364
772771788186961823,1,29,59,89,364
772794978295820785,1,28,58,88,363
772939810372343487,1,30,60,90,365
773425417318292803,1,29,59,89,364
773516314294804172,1,30,60,90,365
774251290756654693,1,30,60,90,365
774894186564801864,1,29,59,89,364
774905259693457913,1,29,59,89,364
775723432503582598,1,27,57,87,245
776022104058287856,1,30,31,31,299
776402004146423339,1,30,60,90,365
776405587327729817,1,29,59,89,90
777050594898518389,1,30,60,90,365
780073511005591824,1,15,29,53,316
780765568099881227,1,29,59,89,364
781452861466051310,1,29,59,89,364
781452861466051310,1,29,59,89,364
781647041007833052,0,23,53,83,358
782824856046007586,1,22,52,82,83
782868929312051922,1,30,60,90,90
782994624558127242,1,29,59,89,364
783139509330681568,1,29,59,89,364
783686743328860886,1,29,59,89,364
783702312407337238,1,29,59,89,364
784625662380076384,1,30,60,90,365
784633886415640302,1,30,60,90,365
786488177313706295,1,30,60,90,365
786769060719658691,1,29,59,89,364
786962032021673825,1,30,60,90,365
787356712557404822,1,29,59,89,364
788032671275584829,1,30,60,90,365
789424124014047009,1,29,59,89,364
789424124014047009,1,29,59,89,364
789734664809632906,1,29,59,89,364
789759389569187512,1,21,49,79,351
789759389569187512,1,21,49,79,351
791220299796324757,1,0,0,0,267
791464178877735331,1,30,60,90,365
791628554095781832,1,30,60,90,365
791656227144870908,1,29,59,89,364
791701445015747746,1,29,59,89,364
791721591826644800,1,29,59,89,364
791740870471323064,1,29,59,89,364
793007392966855956,1,5,5,5,155
793166480609239891,1,17,40,70,345
794637745493796351,1,29,59,89,364
795610316764755392,1,30,60,90,365
797466283592149468,0,30,60,90,365
797803598869629444,1,30,60,90,365
798224495747266527,1,16,39,57,302
798264417222834841,1,28,58,88,363
798757666767840092,1,28,58,88,363
798800453487590434,1,30,60,90,91
801186555335313462,1,5,14,35,297
801190296928381142,1,29,59,89,364
801244918922277430,1,29,59,89,364
801920114737130933,1,13,42,72,345
801995107847066327,1,29,59,89,364
802124362201507848,1,30,60,90,365
806295889763785088,1,9,28,56,327
806321235832587602,1,20,50,80,355
807041086591703374,1,29,59,89,364
807335846697640918,1,30,60,90,365
809553938268692523,1,29,59,89,89
810376811309754844,1,28,58,88,363
812372944528624815,1,0,0,0,267
812382273211035026,1,0,0,0,268
812392116300870110,1,27,57,87,362
813563012153638643,1,30,60,90,181
820647267970386415,1,25,55,85,266
821368634251644679,1,30,60,90,365
822046864609541529,1,30,60,90,365
822059164708734993,1,21,48,78,352
822888625164562641,1,29,59,89,364
822923084996611859,1,29,59,89,364
823005527495504331,1,29,59,89,364
823723343533782820,1,29,59,89,364
823723343533782820,1,29,59,89,364
824228729224079234,1,29,59,89,364
824328676429321602,1,29,59,89,364
825166191429610435,1,0,0,24,299
825255331473955825,1,29,59,89,364
825579456713831810,1,28,58,88,363
825778372859012212,1,29,59,89,364
825798658694498618,1,27,57,87,362
826508772917498456,1,0,0,0,274
827845795285182475,1,24,54,84,150
827875125532071454,1,29,59,89,364
827991952733479579,1,29,59,89,364
829322076860791922,1,29,47,68,329
829369314741369503,1,29,59,89,364
830754747969256751,1,29,59,89,364
830969158436936588,1,28,58,88,246
831008711204150847,1,25,47,70,136
831017287232611543,1,9,39,57,216
831028480502682984,1,26,56,82,146
831033318344000073,1,11,41,66,95
831518184194402625,1,29,59,89,364
831612439304811977,1,28,58,88,269
831688296592919472,1,29,59,89,364
832538193209880053,1,30,60,90,365
833133699413019522,1,29,59,89,364
833899373927609367,1,30,60,90,365
833977887503098646,1,30,60,90,365
835904017609907338,1,28,58,88,363
836738298166681497,1,29,59,89,364
837278001762525399,1,30,60,90,365
837949620721483341,1,30,60,90,365
838851522557267244,1,29,59,89,364
838867174319410951,1,30,60,90,365
840338886577189778,1,23,53,83,358
841098685339489415,1,29,59,89,364
843285569659447374,1,29,59,89,364
844454509836958325,1,30,60,90,365
845872651845833708,1,30,60,90,365
846085840657880506,1,29,59,89,364
846297658713595280,1,0,1,6,242
846838781064773956,1,30,60,90,365
847528864890195254,1,0,0,0,4
851052793984170859,1,29,59,89,364
851980188132812708,1,30,60,90,365
852019499248537738,1,30,60,90,365
852149181396139440,1,22,52,82,83
852527793871911527,1,29,59,89,364
852593319292806152,1,29,59,89,364
853123534601698361,1,27,57,87,87
853124282207206763,1,26,56,64,65
853137147766803126,1,22,52,82,82
853329364720420427,1,18,44,68,342
853329655146229701,1,5,25,46,312
853333353954940277,1,9,24,43,273
854229329259305463,1,0,0,9,284
855442493247789422,1,23,53,83,84
855461640954386054,1,23,53,83,358
855990949677399210,1,29,59,89,179
856131872826507885,1,30,60,90,365
856214508230277566,1,0,0,10,285
856338018320193673,1,30,60,90,365
856350135874540052,1,0,0,0,262
856775735991859957,1,0,0,0,144
856893840908837829,1,29,59,89,364
856903119772673106,1,30,60,90,365
856903119772673106,1,30,60,90,365
856920920842811808,1,30,60,90,365
857738312058474471,1,29,59,89,364
857776843491356459,1,30,60,90,365
857794766634277790,1,29,59,89,364
859064135570315790,1,30,60,90,365
859162396804139167,1,29,59,89,364
859166984543739649,1,30,60,90,365
859171597002185671,1,30,60,90,365
859186207745669919,1,30,60,90,365
859837503480355610,1,29,59,89,364
861583739734518986,1,30,60,90,365
863260350382867564,1,0,0,4,217
863615482548080636,1,18,46,76,351
863621662687867638,1,19,48,78,353
863992542062626637,1,1,1,5,249
864321103080953349,1,29,59,89,364
865140811030135378,1,30,60,90,365
866254738186485422,1,30,60,90,271
866448854492965889,1,29,59,89,364
867062841312887598,1,30,60,90,271
867296050291666116,1,29,59,89,364
867784939403972660,1,29,59,89,270
867839684888565674,1,20,50,80,261
868252151595997909,1,30,60,90,271
868366281995440465,1,30,60,89,262
868396680301579243,1,23,34,49,51
868403865400796270,1,24,54,84,265
869099179388879329,1,0,26,56,331
870150798623777606,1,4,4,18,293
870182864930871777,1,0,0,21,296
871981312721300533,1,27,57,87,362
872004459726043279,1,29,59,89,295
872014413665934810,1,28,58,88,363
872029398374210817,1,28,58,88,363
872029398374210817,1,28,58,88,363
872033189275592946,1,27,57,87,362
872047481515351003,1,30,60,90,271
872055666279127955,1,30,50,80,254
872077453625517407,1,30,60,90,181
873140844618962944,1,30,60,90,365
873151302770286080,1,22,50,80,355
873151554401594108,1,26,56,86,361
873151881500059276,1,30,60,90,365
873159641216775580,1,30,60,90,365
874153919823440985,1,0,0,0,199
878016322780322976,1,30,60,90,365
878488989399491669,1,11,29,46,304
878489235812091594,1,0,3,8,248
878489359707000351,1,11,27,43,296
878489587692756300,1,4,11,31,193
880183982958295952,1,29,59,89,364
882163842842675031,1,29,59,89,364
882964266743572254,1,29,59,89,364
883475480677283425,1,22,52,82,357
883475889105289539,1,30,60,90,365
883508348606122817,1,30,60,90,365
883530197768740963,1,29,59,89,364
883902659568943778,1,29,59,89,364
885094829731481712,1,30,60,90,365
886561621182331272,1,30,60,90,365
886670246665175250,1,30,60,90,365
886693641285362577,1,30,60,90,365
886700774084331810,1,30,60,90,365
886711208692768472,1,30,60,90,365
887647674287185712,1,23,53,83,358
888118099586309880,1,29,59,89,364
888118429060687509,1,29,59,89,364
892371127605772614,1,30,60,90,365
892382752394648175,1,15,37,46,52
895307096931503765,1,29,59,89,364
896425471247877253,1,30,60,90,365
896425506202393462,1,30,60,90,365
896425516042224853,1,30,60,90,365
896425553049881174,1,30,60,90,365
896425647523636157,1,24,30,52,327
896426827321425530,1,30,60,90,365
897408226607988813,1,30,60,90,365
897448879002896896,1,29,59,89,364
897507768783898539,1,30,60,90,91
898183406680359456,1,30,60,90,365
898183559706371544,1,28,58,88,352
898295862778234145,1,19,49,79,354
898920952533467637,1,28,58,85,355
899627552294266113,1,29,59,89,364
899732642408799379,1,28,58,88,178
899868229915270512,1,29,59,89,364
900478455755523033,1,30,60,90,91
901089041886609842,1,27,57,87,268
904588436802887307,1,29,59,89,364
904928458664559242,1,19,49,79,260
904930311603763987,1,30,60,90,271
905399775903588884,0,27,57,87,268
906259459458420505,1,10,40,70,251
907077257962946258,1,29,59,89,364
907077257962946258,1,29,59,89,364
907686638311383341,1,30,60,90,271
909100019892803087,1,29,59,89,364
909345580311355411,1,30,60,90,271
909348769769135505,1,28,58,88,363
909882526480721977,1,26,55,85,360
909883031944512161,1,30,60,90,365
910070794743590342,1,9,16,37,44
910806480863882214,1,29,59,89,270
911843758881109609,1,30,60,90,271
911877625557497697,1,30,60,90,271
912697418696726408,1,0,29,59,334
912791958009826495,1,18,48,78,259
912802306072914469,1,29,59,89,364
913522560000207283,1,29,59,89,364
914805460729895825,1,29,57,86,361
915452171883804682,1,30,60,90,365
915480824792203623,1,29,59,89,270
915480906467484416,1,29,59,89,364
915491540353078007,1,30,60,90,365
915496448580987418,1,30,60,90,365
915496448580987418,1,30,60,90,365
915670366666904246,1,29,59,89,364
915681736655786529,1,29,59,89,364
917001993750346677,1,29,59,89,364
917268940021538414,1,29,59,89,269
917271075072493194,1,29,59,89,364
918098632975538206,1,0,0,0,209
918670063389680037,1,0,8,38,219
919330824746585701,1,25,55,85,182
919502228882474216,1,30,60,90,365
919968290403148056,1,29,59,85,264
923613640797995092,1,29,59,89,270
925168994523733731,1,28,58,88,269
925706881440940360,1,25,55,85,151
927092195097805859,1,9,36,62,62
927104359590866258,1,28,58,86,86
928591059643597438,1,30,60,90,271
928850044952941796,1,29,59,89,269
930060029464198671,1,29,59,89,270
933097055241827931,1,29,59,89,270
933141148831561918,1,0,0,0,162
933259335282417831,1,0,17,47,228
933267561689894166,1,0,0,0,275
934346542744923153,1,23,53,83,358
934354866476648898,1,25,55,85,360
934368914326609002,1,14,42,71,333
934381114246786901,1,28,58,88,363
934386884436615245,1,23,52,79,351
934446680913390618,1,16,46,74,349
934455094066697875,1,28,58,88,363
934459075537527502,1,27,57,87,362
935530526745733147,1,30,60,90,365
938816375662381740,1,14,41,67,336
939438617196139743,1,29,59,89,270
939643530648466834,1,29,59,89,270
939706932525817048,1,20,50,78,78
940362959474669203,1,29,59,89,364
942498058629533851,1,0,0,0,0
943118105241784858,1,30,60,90,181
943163894208432026,1,21,51,81,171
943220901216594659,1,30,60,90,180
943864507833744958,1,29,59,89,270
943996119813888207,1,30,60,90,365
944449482210600103,1,27,57,87,88
944612487124738868,1,30,60,78,78
944612549240049286,1,29,59,89,270
945118954811453086,1,30,60,90,365
946218516981428518,1,30,60,90,365
946252956347454547,1,28,58,88,363
946262937217371544,1,29,59,89,364
946270112895245394,1,29,59,89,364
946274113050996122,1,29,59,89,270
947378293169299430,1,30,60,90,365
948204813433816372,1,0,0,0,267
948700412652397998,1,30,60,78,78
951111788499858256,1,8,38,68,248
953924174741307769,1,30,60,90,91
954625302085307833,1,29,59,89,270
959465909045567964,1,20,50,80,355
960008665521131399,1,30,60,90,365
960030126072146041,1,30,60,90,365
960045451271498035,1,30,60,90,365
960047545627310289,1,30,60,90,365
960610939781595021,1,29,59,89,269
962102060363767489,1,29,59,89,269
962115187758611203,1,29,59,89,269
962148073553755345,1,29,59,89,270
962156092707353224,1,29,59,89,269
962179495759598858,1,29,59,89,270
962179665760436992,1,29,59,89,270
973054065787807697,1,28,58,88,363
973509271145025660,1,30,60,90,271
973650769517798231,1,29,59,89,270
974183835128911388,1,24,54,84,354
974194294235939529,1,28,58,88,358
977840892351291114,1,29,59,89,270
979265675388493674,1,25,55,85,266
979996652556032174,1,26,56,86,274
981839566673592063,1,0,0,1,276
984451267933484000,1,29,59,89,364
985940069189910173,1,28,58,88,363
988675919396273025,1,30,60,90,91
988809840696335648,1,22,50,80,266
988896701671473303,1,15,45,75,256
989451630724186482,1,28,58,88,276
989456071645269504,1,17,42,72,258
989458593284666326,1,13,34,50,224
989824500641059618,1,8,38,68,69
990717254533230920,1,0,0,0,0
992814061673098065,1,30,60,90,91
993145145410074505,1,29,59,89,270
993976084221185487,1,12,42,68,240
994831838625612556,1,30,60,90,365
995391027662163513,1,30,60,90,271
995404451999131557,1,28,58,88,269
995408988536684785,1,30,60,90,271
996212506657357548,1,29,59,89,364
997409009328273841,1,29,59,89,270
997869767725636896,1,28,58,88,359
997869777325712841,1,14,38,65,184
997876470544385472,1,27,57,87,362
998217592295049007,1,0,0,0,269
998239661830045669,1,29,59,89,270
998957834404015555,1,29,59,89,270
999056201071274306,1,29,59,89,364
999267391650808320,1,24,54,77,341
999267804611326098,1,27,54,84,195
999758275789912599,1,0,0,0,225
1000378112461970771,1,27,50,80,87
1001704940131218226,1,0,23,53,328
1001808164427189759,1,0,0,22,203
1003804545207627519,1,29,59,89,364
1003923515839548471,1,30,60,90,217
1004652336577626435,1,30,60,90,217
1004793478536324006,1,29,59,89,364
1005589427053270435,1,28,58,88,363
1006417892442245205,1,30,60,90,91
1007193960238063590,1,0,0,20,201
1007463266235891109,1,29,59,89,270
1008596981366079541,1,0,0,16,196
1008723918260154181,1,22,50,79,343
1008723963440015334,1,30,60,90,365
1008723978214018748,1,30,60,90,365
1008723992296489655,1,27,57,87,362
1009145766123552802,1,29,59,89,97
1009310616747753745,1,30,37,61,336
1009651833336339483,1,7,20,50,231
1009662020699585686,1,0,29,59,236
1012084594628127566,1,30,60,90,91
1012817610220906302,1,27,57,87,178
1013452020990230805,1,29,59,89,270
1014425730453919892,1,29,59,89,270
1015674434767532160,1,29,48,78,259
1018681234279575609,1,27,57,87,362
1021695586762269747,1,30,60,90,365
1023867600592669423,1,28,58,88,269
1025026081961403901,1,0,0,0,237
1025281098926073017,1,0,0,0,68
1025588886070864385,1,22,52,82,263
1025934423553001078,1,28,58,88,268
1028010248386268173,1,29,59,89,270
1028259379953152956,1,29,59,89,270
1028657682241218368,1,0,25,55,330
1028744175173907229,1,28,58,88,363
1029190387788887329,1,30,60,90,90
1029208790515958047,1,30,60,90,91
1032561593915196286,1,25,55,85,265
1034457014822246427,1,30,60,90,365
1034830511655003002,1,28,58,88,179
1036002951580641037,1,29,59,89,244
1036006273523988553,1,29,59,89,270
1036545365474863228,1,30,60,90,91
1037562150704397889,1,23,53,83,264
1039628026138598190,1,21,51,70,244
1040949271672193125,1,0,0,0,178
1041030408679198118,1,13,43,73,348
1041089083978668521,1,30,60,90,365
1043856635673230660,1,30,60,90,365
1043899278127517643,1,30,60,90,365
1044367319084955582,0,12,42,72,253
1045310762237497667,1,26,56,86,267
1045810568104700436,1,30,60,90,365
1045810854593854682,1,29,59,89,364
1046085493906355076,1,30,60,90,365
1046085493906355076,1,30,60,90,365
1046135947693619200,1,20,46,76,351
1046292355014317376,1,0,0,1,276
1047435412003416811,1,30,60,90,271
1049770102565848612,1,21,51,81,82
1050384755676077507,1,29,59,89,270
1050388321010357150,1,29,59,89,256
1051126791807999318,1,29,59,89,270
1051170933407727632,1,29,59,89,270
1051186690382873378,1,29,59,89,270
1051186690382873378,1,29,59,89,270
1051205953953722762,1,29,59,89,269
1051844503970967768,1,27,57,87,268
1051874859376252326,1,29,59,89,270
1051894013258541747,1,29,59,89,270
1051912453094168650,1,29,59,89,270
1051926816739724054,1,29,59,89,270
1052505901191091205,1,13,29,59,334
1056991156987830405,1,3,3,28,29
1057135157487651057,1,3,3,28,209
1058437876099408422,1,0,0,30,305
1059215021292065309,1,29,59,89,270
1059404046988840624,1,0,0,0,235
1059772959876388935,1,0,0,8,189
1059792262730093440,1,29,59,89,158
1059805848275355248,1,0,0,0,140
1059820102609640964,1,0,7,37,218
1059823871604991927,1,0,0,9,190
1061171930666347963,1,30,60,90,365
1061193873648427107,1,26,56,86,356
1061301778109505093,1,30,60,90,365
1061349306448633698,1,29,59,89,269
1062108936577351344,1,0,0,9,189
1066283876987607462,1,29,59,89,269
1066313517033859330,1,29,59,89,364
1068419620186966968,1,7,22,51,119
1068813918482991779,1,1,30,60,240
1069978242571647934,1,30,60,90,365
1069993904269977691,1,30,60,90,365
1070060724822268416,1,23,49,79,349
1070168440909990775,1,29,59,89,364
1070737304693420000,1,5,29,55,306
1071983420799953175,1,0,0,16,196
1072006172877875466,1,28,58,88,179
1072103225928678611,1,1,29,31,195
1072220561454922559,1,29,59,89,270
1072242091221183074,1,29,59,89,269
1072248353497436990,1,29,59,89,270
1072409611456262939,1,29,59,89,269
1072976465653153715,1,20,20,50,231
1072996219413554684,1,0,0,6,187
1073013706539430212,1,0,25,55,236
1074421503074696695,1,20,20,50,231
1074445824379877735,1,29,59,89,364
1074858413732419909,1,18,45,73,254
1075137891609936766,1,29,59,89,364
1077066160280158672,1,27,57,87,358
1079309899232877046,1,29,59,89,270
1079318461795469853,1,29,59,89,270
1079343264876265640,1,29,59,89,270
1079349474551394760,1,25,55,85,266
1079631978496385968,1,1,1,1,174
1080251577819735170,1,29,59,89,364
1080252514972352578,1,29,59,89,364
1081406657498050218,1,6,22,50,115
1081595576755594103,1,24,49,79,164
1081613865922147868,1,2,23,23,151
1083763116296837521,1,4,34,64,339
1083955424389753834,1,28,58,88,269
1085329954814098268,1,0,0,17,292
1085886931988562621,1,29,59,89,364
1086056218918063408,1,29,59,89,270
1086646221902770506,1,29,59,89,270
1087226058736958732,1,26,54,84,359
1087281920297213590,1,30,60,90,365
1087355182967803186,1,29,59,89,270
1087399824733854992,1,22,48,69,334
1087695893758398925,1,29,59,89,270
1087712071172259549,1,15,45,75,256
1087721017567715315,1,25,55,85,266
1087721017567715315,1,25,55,85,266
1087938271004543900,1,30,60,90,271
1089468592801529306,1,26,56,86,267
1089486877529031133,1,30,60,90,271
1089489414757909359,1,30,60,90,266
1089491295209125702,1,30,60,90,271
1089559752067232480,1,30,60,90,271
1089625585912072497,1,29,59,89,270
1090129808961222868,1,15,42,66,324
1090191613994672576,1,30,60,90,271
1090195198112031807,1,12,42,72,253
1090252973513789932,1,29,59,89,270
1090282001209831968,1,30,60,90,271
1090844127265331476,1,27,57,87,362
1090879887751460581,1,30,60,90,365
1090904483007793927,1,27,57,87,356
1090941645170098677,1,29,59,89,270
1090950001064387445,1,0,24,54,235
1090956211361932959,1,26,53,79,350
1090960365273728550,1,27,57,87,268
1091055477723738913,1,30,60,90,365
1091068317493592128,1,27,57,87,362
1091089033343071043,1,30,60,90,365
1091832257839199468,1,29,59,89,364
1092313546466867570,1,30,60,86,359
1092355175257121879,1,26,56,86,361
1092404224559016268,1,27,57,87,362
1092420222696104820,1,30,60,90,365
1092435813849847321,1,30,60,90,365
1092523108879959584,1,30,60,90,365
1093034320018826313,1,25,51,81,356
1093053242865263058,1,30,60,90,365
1093067111017373970,1,25,53,83,358
1093079540331315368,1,30,60,90,365
1093106707528615883,1,30,60,90,271
1093891082412392951,1,28,58,88,269
1094643941670619897,1,0,0,0,209
1095686936022647615,1,26,43,73,343
1095915705707549520,1,29,57,87,88
1095920814462415929,1,29,59,89,89
1096415550767937134,1,27,57,87,267
1096641911773688629,1,30,60,90,365
1096779373050532049,1,29,59,89,364
1096802957722576371,1,0,0,0,113
1096803577596962837,1,0,0,0,242
1097255111475526390,1,0,0,0,17
1097296850712153306,1,0,0,2,183
1097304881221427509,1,0,0,2,277
1097389778188643825,1,0,0,0,169
1097408867129465025,1,0,0,0,141
1097509470312143492,1,30,60,90,271
1097536200460923759,1,30,60,90,271
1097539439147822670,1,30,60,90,271
1097554102242139365,1,30,60,90,271
1098162437587327203,1,24,54,84,359
1098225296145900661,1,20,43,59,319
1098242809370122967,1,15,39,69,344
1098269698956537803,1,30,60,90,365
1098296033118804249,1,15,34,64,339
1099587498423320599,1,0,0,0,175
1099781841620242851,1,29,59,89,270
1101036125684303613,1,0,0,9,190
1101036417614719256,1,0,0,0,173
1101065464352817562,1,29,59,89,270
1101186376906265582,1,29,59,89,270
1101367019881077718,1,29,59,89,270
1102557083237540612,1,0,0,0,176
1102569923215720808,1,0,0,23,204
1103668608684939398,1,30,60,90,365
1107011362652698703,1,21,21,50,221
1107018143815630482,1,8,15,27,171
1107018143815630482,1,8,15,27,171
1107038712991316166,1,1,6,31,207
1107041089260455714,1,29,59,89,269
1107624980116910002,1,0,0,23,92
1107629689784413669,1,0,0,9,190
1107677016816688293,1,30,60,90,271
1107684966768960811,1,0,0,0,143
1107688213800338261,1,0,0,0,175
1108311518263138063,1,30,60,90,365
1109204923733549481,1,0,8,38,219
1109799476827406947,1,29,59,89,270
1109807173259492906,1,30,60,90,271
1109814687647023717,1,29,59,89,270
1109904334037111466,1,26,56,86,267
1109913750326279853,1,0,0,0,155
1110026105500304938,1,29,59,89,270
1110445769210230478,1,12,42,72,347
1110456202735497202,1,0,14,44,225
1110520851167104665,1,0,0,10,191
1110578307853227159,1,21,51,58,312
1110595361891144730,1,19,44,70,291
1111162529083267981,1,30,60,90,91
1111169336438150560,1,30,60,90,91
1111173773259030001,1,30,60,90,91
1111185438099900289,1,30,60,90,91
1111198090602205313,1,30,60,90,91
1111205468312411030,1,30,60,90,91
1111208471507875125,1,30,60,90,91
1111213732376250680,1,30,60,90,91
1111216739248752815,1,30,60,90,91
1111238408040111658,1,30,60,90,91
1111240910237994802,1,30,60,90,91
1111243712977503555,1,30,60,90,91
1111247256705223200,1,30,60,90,91
1111257572192638951,1,30,60,90,91
1111261047172689633,1,30,60,90,91
1113560581620785674,1,30,60,90,91
1114992083530811520,1,30,60,90,271
1116249575868557122,1,0,0,0,174
1116354454433584470,1,29,59,89,179
1116355253405282454,1,29,59,88,361
1116460949024167664,1,29,59,89,270
1117257165555960868,1,29,59,89,364
1117951718904099649,1,29,59,89,270
1118444045009355763,1,0,0,10,191
1118592749831759538,1,0,0,3,278
1120697510375214575,1,29,59,89,90
1120764409959358945,1,30,60,90,365
1120799877618280854,1,24,54,84,356
1120829807291684015,1,30,60,90,365
1120845376454516702,1,15,37,67,335
1120855427780055433,1,30,60,90,365
1120883289538559724,1,30,59,89,180
1122389407600886722,1,30,60,90,365
1122405444122215497,1,26,56,86,361
1122847831572084706,1,30,60,90,365
1123509180651610330,1,0,28,58,333
1123774072649301109,1,18,18,18,178
1124629639202595331,1,30,60,90,365
1125003659029367061,1,0,0,0,158
1125003659029367061,1,0,0,0,158
1125061311682323382,1,23,47,77,257
1125220785818624089,1,29,59,89,364
1125229076327692766,1,28,58,88,363
1125231907959396499,1,27,57,87,362
1125235987467055633,1,26,56,86,361
1125237320821919329,1,25,54,82,355
1125240124479138101,1,28,58,87,358
1125241295985462789,1,30,60,90,365
1125696077326039584,1,0,0,16,197
1125882563677665360,1,22,48,78,353
1125882563677665360,1,22,48,78,353
1126421826112076000,1,28,58,88,358
1126432655750314919,1,27,57,87,359
1126441295278848052,1,28,58,88,362
1126447135198317376,1,29,59,89,363
1126559763253932251,1,22,50,80,349
1126795875691814261,1,29,59,89,364
1127120740050488165,1,29,59,89,364
1127125314999238003,1,28,57,87,337
1127129255987380110,1,23,52,82,338
1127134859913654007,1,29,59,89,364
1127926701600859797,1,0,0,0,141
1127931866227298688,1,0,0,0,141
1127939869718238241,1,0,0,0,0
1128102942748486025,1,28,58,88,178
1128801796780562038,1,27,57,87,362
1128801796780562038,1,27,57,87,362
1128950382253404567,1,30,60,90,365
1129474068512383673,1,29,59,89,270
1130047673997225851,1,30,60,90,271
1130268887487377305,1,29,59,89,270
1131705018695988413,1,28,57,85,266
1132502246339791571,1,29,59,89,270
1132723839482169367,1,29,59,89,270
1132956624704206292,1,29,59,89,269
1133126746608552480,1,1,17,43,193
1133915070063689817,1,30,60,90,365
1133933202933085863,1,30,60,90,360
1136895256800940974,1,30,60,90,365
1136913481503250157,1,30,60,90,365
1137352717234727415,1,27,57,87,268
1137577058899878309,1,18,48,69,339
1137616902650908008,1,16,41,64,331
1138036706054523548,1,29,59,89,270
1138151240438377785,1,30,60,90,365
1138168686456609626,1,26,56,86,361
1138217361706722273,1,30,60,90,357
1141645596352086874,1,0,0,0,11
1141680436397532183,1,29,59,89,364
1141730617803722380,1,28,58,88,363
1141836308969291531,1,0,0,17,197
1142350385843699400,1,12,12,12,273
1142759783174433363,1,23,53,83,358
1143921972375198193,1,0,29,59,149
1143925942738013965,1,28,58,88,179
1143929133718457590,1,21,51,81,172
1143931262251071945,1,30,60,90,180
1147038927980632245,1,30,60,90,271
1147423722643637720,1,30,60,90,271
1147482119795725270,1,0,0,0,113
1147485618545110776,1,0,0,0,148
1147489268227399954,1,0,0,0,127
1147492557022223720,1,28,58,88,269
1147596413672826996,1,29,59,89,270
1147625544649497971,1,30,60,90,271
1148171142986946123,1,22,50,78,246
1148292370921424427,1,25,55,85,182
1148305387098585341,1,25,55,85,182
1148310726128055404,1,25,55,85,182
1151098118841583406,0,29,59,89,270
1151216304893068045,1,29,41,71,346
1151817830938250611,1,27,57,87,268
1151880053316221366,1,29,59,89,277
1151921017042310050,1,30,60,90,278
1153541429873321651,1,0,20,50,325
1153843718458351989,1,23,53,83,174
1154113358017640397,1,30,60,90,271
1155424527809347474,1,29,59,89,179
1155541275662895455,1,17,28,46,46
1156055242666803330,1,25,55,73,73
1156194445863734469,1,29,59,88,275
1156209075435569922,1,29,59,88,276
1156271744312469083,1,30,60,90,271
1160439074732955633,1,0,0,0,174
1163425774429238249,1,28,58,88,276
1163456834536895777,1,30,60,90,271
1164079483534405707,1,8,27,55,146
1164084983276437556,1,24,54,84,175
1164088481511487446,1,0,23,53,144
1166368730221769094,1,29,59,89,269
1167820849430768085,1,6,27,57,57
1168481015025943519,1,0,29,59,150
1169227598424053216,1,30,60,90,90
1169232168710118641,1,30,60,90,90
1169234853758234559,1,30,60,90,91
1169237499670323050,1,25,55,85,175
1169239329510320936,1,30,60,90,90
1169241307293091150,1,30,60,90,90
1169243442912839816,1,0,23,53,143
1169246331091211712,1,30,60,90,90
1169253933840544923,1,30,60,90,90
1170771336878595122,1,14,40,70,71
1170845151695925289,1,0,1,25,206
1171291056345642404,1,27,57,87,268
1171528263306121642,1,29,59,89,269
1172167222883065630,1,0,21,51,232
1172176919388341284,1,10,40,70,211
1172874108701526629,1,15,45,75,255
1173055961605983055,1,0,0,17,198
1173854653125953472,1,30,60,90,271
1174948139499664994,1,0,0,0,178
1175173619326300700,1,29,59,89,270
1175699157478161118,1,28,58,88,335
1175699157478161118,1,28,58,88,335
1175759511919555690,1,0,0,0,258
1175759511919555690,1,0,0,0,258
1176851158818293610,1,30,60,90,365
1176851172869827947,1,26,52,79,354
1176851189400262416,1,28,58,88,363
1177187287629925127,1,5,35,65,156
1177191549733581726,1,18,48,78,169
1177266586048046335,1,30,54,84,359
1178515229627175772,1,29,59,89,364
1180145169651895746,1,29,59,89,269
1180758818625255257,1,1,2,2,146
1180906224303660510,1,30,59,89,364
1181735316534700808,1,29,59,89,348
1181899791094551937,1,0,0,0,148
1182616857385882793,1,30,60,90,91
1183756795354276356,1,29,59,89,364
1183773967298323992,1,29,59,89,364
1183872124315091222,1,30,60,90,365
1183906150836023782,1,29,59,89,364
1184674616456146702,1,10,38,68,249
1185086722726092679,1,0,0,0,174
1185197681072791802,1,30,60,90,91
1185915191423357388,1,8,38,66,160
1185917537269220374,1,30,60,90,365
1185943171595849585,1,25,55,85,182
1185947576358641538,1,8,38,66,160
1185960624679186691,1,8,38,68,165
1185980898795655861,1,8,38,68,165
1185980922666295692,1,25,55,85,182
1185996420473299630,1,25,55,85,182
1186017127022771892,1,25,55,85,182
1186066289562000666,1,0,0,10,285
1186549961463342281,1,25,55,85,182
1186868541390529861,1,0,0,0,238
1188009951382171280,1,27,57,87,362
1189547322218087029,1,30,60,90,365
1191042513446045646,1,30,38,38,282
1193065253679853398,1,13,40,70,161
1193134132283735926,1,22,52,82,168
1193200494635634104,1,22,52,82,173
1193206113527000596,1,23,53,83,174
1193279908505254841,1,21,51,81,172
1193281443291802346,1,22,52,82,173
1193282691215253511,1,22,52,82,173
1193293299360182884,1,23,53,83,174
1193294581511630031,1,25,55,85,176
1193295712429457766,1,19,45,75,164
1193305610153718031,1,10,28,49,138
1193311603416769244,1,0,0,0,25
1193312621565934834,1,30,60,90,181
1193313580056749097,1,0,0,0,25
1195025959760812356,1,11,41,71,252
1195960444826776780,1,30,60,90,91
1196695636110912931,1,28,58,88,363
1196900804322068539,1,24,54,76,341
1197600134466660700,1,0,0,0,144
1197615560769838754,1,27,57,85,89
1197767433809719883,1,0,22,52,327
1198295973374123249,1,30,60,90,91
1198444671916609250,1,28,58,88,269
1198679345153353601,1,30,60,90,271
1199023826180412574,1,30,60,82,82
1199104112592511762,1,30,60,90,271
1199889817584547770,1,29,59,89,364
1200044798110899374,1,0,0,0,178
1200650967824344545,1,0,0,0,164
1201148515241941053,1,30,60,90,97
1201971237883159675,1,28,58,88,363
1202051012143610882,1,29,59,89,270
1203539699255761646,1,1,1,5,247
1207760241490075262,1,0,0,23,298
1208270217107496233,1,26,56,86,361
1208318847216095786,1,0,0,1,276
1208481100854635107,1,30,60,82,86
1208976108760291000,1,30,60,90,365
1209048718944845064,1,30,60,90,91
1209048718944845064,1,30,60,90,91
1209115483295579932,1,30,60,90,365
1209168395214773284,1,30,60,90,97
1209750007577598619,1,30,60,90,365
1210963817188344282,1,23,53,83,358
1211139966282107813,1,27,56,86,196
1211567579798899580,1,0,0,23,298
1212112841981551268,1,27,57,87,88
1212254727331320790,1,0,0,23,298
1212778208974906213,1,6,36,66,126
1212864267517514783,1,28,28,28,263
1213308678304633864,1,23,53,83,269
1213692178756023876,1,24,48,78,353
1214759616456285756,1,1,25,55,330
1214984926338693578,1,27,57,87,362
1214989558350921428,1,23,53,83,358
1215310989306586316,1,30,60,90,365
1215647072509016582,1,30,60,90,365
1216310259642600972,1,24,54,84,359
1217612248414968885,1,23,23,23,273
1217913244382728079,1,30,60,90,181
1218463134801542210,0,23,53,83,174
1220080250159546479,1,30,60,90,365
1221533983278407899,1,30,60,90,365
1221558086815918253,1,30,60,90,365
1222360436810497593,1,4,12,24,198
1222443836401391470,1,23,53,83,358
1222735570077900345,1,30,57,87,88
1223459678555999524,1,21,51,81,347
1224982977185929281,1,0,8,8,150
1226856324730698277,1,25,55,85,356
1226856435663364449,1,7,33,61,313
1226856448655008401,1,27,57,87,362
1226856462006736698,1,30,60,90,365
1226856585106284966,1,29,57,87,362
1226856598009142920,1,26,56,86,355
1226856613274248660,1,27,53,83,358
1227154676044915085,1,29,59,89,364
1227822272006685625,1,6,36,63,335
1228800942317269763,1,0,4,34,309
1229021697587140453,1,16,46,76,351
1229021715252281264,1,28,53,83,358
1229028998701679313,1,23,53,83,358
1229029135384074790,1,18,46,76,351
1229038345745358805,1,30,60,90,361
1231005395139604028,1,30,60,90,365
1231351196655165852,0,30,60,90,365
1231531802719583902,1,4,4,4,273
1231551276817126657,1,0,0,23,298
1231566982294212720,1,30,60,90,365
1231711853789900461,1,0,0,9,284
1231908534008916973,1,30,60,90,365
1231908654335688843,1,15,42,72,341
1231908843752765645,1,24,54,84,359
1231911157804863190,1,30,60,90,359
1231911173080338134,1,15,37,64,331
1232320164187365242,1,30,60,90,365
1232475523814264411,1,30,60,88,88
1232483862850032546,1,30,60,88,92
1233692899886270122,1,30,60,90,365
1233732396181342745,1,30,60,90,365
1234087376595560569,1,30,60,88,92
1234103110858414978,1,30,60,90,97
1234127594707611730,1,23,52,82,354
1234127610147550627,1,25,55,85,360
1234127636678575463,1,25,55,85,360
1234127715621637782,1,30,60,90,365
1234127729342770287,1,30,60,90,365
1234127745004933134,1,30,60,90,365
1234127940569953580,1,30,60,90,365
1234127955920224733,1,27,57,87,362
1234127971959328439,1,30,60,90,365
1235140537533279367,1,28,58,88,95
1235903841546277729,1,0,2,32,307
1237528895641202332,1,0,0,24,299
1237545402386389392,1,0,0,24,299
1238656994190513553,1,30,60,90,365
1239034501912776786,1,0,0,6,281
1241026847928267938,1,28,58,88,363
1241036805012484393,1,30,60,90,365
1241238978192145855,1,0,0,0,209
1241340193794884993,1,29,55,85,92
1241947087107704109,1,29,59,89,364
1243199194517432903,1,30,60,90,365
1243860150618704413,1,30,60,90,365
1244751405963770819,1,30,60,90,365
1244760151070150179,1,28,58,88,363
1245858798730925675,0,18,38,60,335
1246846262348444955,1,2,26,56,153
1247505221587088444,1,12,42,72,347
1247665524503681278,1,0,5,7,68
1248122162330316547,0,23,53,83,84
1249753056660834834,1,30,60,90,271
1249950404761886912,1,30,60,90,365
1250286484789551883,1,30,60,90,365
1250306191413064005,1,30,60,90,365
1250664127604301004,1,29,59,89,364
1252083926209830706,1,29,59,89,364
1253501537875000312,1,0,24,54,329
